{
  "capturedAt": "2026-07-16T16:45:25.766Z",
  "viewport": "1920x1080 + 1280x800",
  "panelCogs": 10,
  "cockpitContract": {
    "camera": [
      "Center",
      "Fit",
      "Follow",
      "Explore"
    ],
    "handles": 8,
    "orderType": true,
    "tif": true,
    "allocation": true
  },
  "sharedCamera": {
    "initial": {
      "ladder": {
        "version": "61750.25:66250.25:42:explore",
        "min": 61750.25,
        "max": 66250.25,
        "bucket": 107.14285714285714,
        "resolution": 0,
        "currentTop": 50
      },
      "profile": {
        "version": "61750.25:66250.25:42:explore",
        "min": 61750.25,
        "max": 66250.25,
        "bucket": null,
        "resolution": 129,
        "currentTop": 50
      },
      "heatmap": {
        "version": "61750.25:66250.25:42:explore",
        "min": 61750.25,
        "max": 66250.25,
        "bucket": null,
        "resolution": 486,
        "currentTop": 50
      },
      "rows": 42,
      "profileRows": 129,
      "live": 0,
      "unavailable": 0,
      "bid": 1503.5555555555557,
      "ask": 1385.6190476190477
    },
    "wide": {
      "ladder": {
        "version": "60877.465:67827.535:42:explore",
        "min": 60877.465,
        "max": 67827.535,
        "bucket": 165.47785714285732,
        "resolution": 0,
        "currentTop": 50
      },
      "profile": {
        "version": "60877.465:67827.535:42:explore",
        "min": 60877.465,
        "max": 67827.535,
        "bucket": null,
        "resolution": 129,
        "currentTop": 50
      },
      "heatmap": {
        "version": "60877.465:67827.535:42:explore",
        "min": 60877.465,
        "max": 67827.535,
        "bucket": null,
        "resolution": 486,
        "currentTop": 50
      },
      "rows": 42,
      "profileRows": 129,
      "live": 2,
      "unavailable": 40,
      "bid": 515.7009999999992,
      "ask": 438.03299999999786
    },
    "pan": {
      "ladder": {
        "version": "61924.50036605:68874.57036605:42:manual",
        "min": 61924.50036604988,
        "max": 68874.57036604988,
        "bucket": 165.47785714285732,
        "resolution": 0,
        "currentTop": 65.06510533059206
      },
      "profile": {
        "version": "61924.50036605:68874.57036605:42:manual",
        "min": 61924.50036604988,
        "max": 68874.57036604988,
        "bucket": null,
        "resolution": 129,
        "currentTop": 65.06510533059206
      },
      "heatmap": {
        "version": "61924.50036605:68874.57036605:42:manual",
        "min": 61924.50036604988,
        "max": 68874.57036604988,
        "bucket": null,
        "resolution": 486,
        "currentTop": 65.06510533059206
      },
      "rows": 42,
      "profileRows": 129,
      "live": 3,
      "unavailable": 39,
      "bid": 519.966999999999,
      "ask": 412.8350000000004
    },
    "zoom": {
      "ladder": {
        "version": "62509.57223277:68399.46206328:42:manual",
        "min": 62509.57223277473,
        "max": 68399.46206328321,
        "bucket": 140.23547215496382,
        "resolution": 0,
        "currentTop": 68.7103185244779
      },
      "profile": {
        "version": "62509.57223277:68399.46206328:42:manual",
        "min": 62509.57223277473,
        "max": 68399.46206328321,
        "bucket": null,
        "resolution": 129,
        "currentTop": 68.7103185244779
      },
      "heatmap": {
        "version": "62509.57223277:68399.46206328:42:manual",
        "min": 62509.57223277473,
        "max": 68399.46206328321,
        "bucket": null,
        "resolution": 486,
        "currentTop": 68.7103185244779
      },
      "rows": 42,
      "profileRows": 129,
      "live": 3,
      "unavailable": 39,
      "bid": 545.257999999999,
      "ask": 415.47999999999894
    },
    "macro": {
      "ladder": {
        "version": "50452.36:78252.64:42:explore",
        "min": 50452.36,
        "max": 78252.64,
        "bucket": 661.9114285714286,
        "resolution": 0,
        "currentTop": 50
      },
      "profile": {
        "version": "50452.36:78252.64:42:explore",
        "min": 50452.36,
        "max": 78252.64,
        "bucket": null,
        "resolution": 129,
        "currentTop": 50
      },
      "heatmap": {
        "version": "50452.36:78252.64:42:explore",
        "min": 50452.36,
        "max": 78252.64,
        "bucket": null,
        "resolution": 486,
        "currentTop": 50
      },
      "rows": 42,
      "profileRows": 129,
      "live": 2,
      "unavailable": 40,
      "bid": 537.6499999999991,
      "ask": 506.4269999999984
    },
    "fit": {
      "ladder": {
        "version": "45131.61490916:129507.16038251:42:fit",
        "min": 45131.614909158336,
        "max": 129507.16038250831,
        "bucket": 2008.9415588892853,
        "resolution": 0,
        "currentTop": 77.2198390149518
      },
      "profile": {
        "version": "45131.61490916:129507.16038251:42:fit",
        "min": 45131.614909158336,
        "max": 129507.16038250831,
        "bucket": null,
        "resolution": 129,
        "currentTop": 77.2198390149518
      },
      "heatmap": {
        "version": "45131.61490916:129507.16038251:42:fit",
        "min": 45131.614909158336,
        "max": 129507.16038250831,
        "bucket": null,
        "resolution": 486,
        "currentTop": 77.2198390149518
      },
      "rows": 42,
      "profileRows": 129,
      "live": 1,
      "unavailable": 41,
      "bid": 546.933999999999,
      "ask": 497.8109999999985
    }
  },
  "presets": [
    "Scalper",
    "Institutional",
    "Macro"
  ],
  "popovers": [
    "Aggregated DOM Ladder panel settings",
    "Volume Profile panel settings",
    "Liquidity Heatmap panel settings",
    "Wall Detection panel settings",
    "Trade Tape panel settings",
    "DOM Metrics panel settings",
    "Heuristic CVD panel settings",
    "Depth Chart panel settings",
    "Liquidity Flow Delta panel settings",
    "Execution panel settings"
  ]
}
