{
  "capturedAt": "2026-07-16T17:28:03.535Z",
  "viewport": "1920x1080 + 1280x800",
  "panelCogs": 10,
  "cockpitContract": {
    "camera": [
      "Center",
      "Fit",
      "Follow",
      "Explore"
    ],
    "handles": 8,
    "orderType": true,
    "tif": true,
    "allocation": true
  },
  "sharedCamera": {
    "initial": {
      "ladder": {
        "version": "61750.25:66250.25:42:explore",
        "min": 61750.25,
        "max": 66250.25,
        "bucket": 107.14285714285714,
        "resolution": 0,
        "currentTop": 50
      },
      "profile": {
        "version": "61750.25:66250.25:42:explore",
        "min": 61750.25,
        "max": 66250.25,
        "bucket": null,
        "resolution": 129,
        "currentTop": 50
      },
      "heatmap": {
        "version": "61750.25:66250.25:42:explore",
        "min": 61750.25,
        "max": 66250.25,
        "bucket": null,
        "resolution": 486,
        "currentTop": 50
      },
      "heatmapVisualMode": "enhanced",
      "rows": 42,
      "profileRows": 129,
      "profileLabels": 129,
      "live": 0,
      "unavailable": 0,
      "bid": 1503.5555555555557,
      "ask": 1385.6190476190477
    },
    "wide": {
      "ladder": {
        "version": "60691.3868:67620.2132:42:explore",
        "min": 60691.3868,
        "max": 67620.21320000001,
        "bucket": 164.97205714285744,
        "resolution": 0,
        "currentTop": 50.00000000000006
      },
      "profile": {
        "version": "60691.3868:67620.2132:42:explore",
        "min": 60691.3868,
        "max": 67620.21320000001,
        "bucket": null,
        "resolution": 129,
        "currentTop": 50.00000000000006
      },
      "heatmap": {
        "version": "60691.3868:67620.2132:42:explore",
        "min": 60691.3868,
        "max": 67620.21320000001,
        "bucket": null,
        "resolution": 486,
        "currentTop": 50.00000000000006
      },
      "heatmapVisualMode": "enhanced",
      "rows": 42,
      "profileRows": 129,
      "profileLabels": 129,
      "live": 2,
      "unavailable": 40,
      "bid": 421.5349999999992,
      "ask": 464.6339999999989
    },
    "pan": {
      "ladder": {
        "version": "61735.22179533:68664.04819533:42:manual",
        "min": 61735.22179533387,
        "max": 68664.04819533387,
        "bucket": 164.97205714285727,
        "resolution": 0,
        "currentTop": 65.06510533059205
      },
      "profile": {
        "version": "61735.22179533:68664.04819533:42:manual",
        "min": 61735.22179533387,
        "max": 68664.04819533387,
        "bucket": null,
        "resolution": 129,
        "currentTop": 65.06510533059205
      },
      "heatmap": {
        "version": "61735.22179533:68664.04819533:42:manual",
        "min": 61735.22179533387,
        "max": 68664.04819533387,
        "bucket": null,
        "resolution": 486,
        "currentTop": 65.06510533059205
      },
      "heatmapVisualMode": "enhanced",
      "rows": 42,
      "profileRows": 129,
      "profileLabels": 129,
      "live": 4,
      "unavailable": 38,
      "bid": 511.8689999999991,
      "ask": 470.5350000000001
    },
    "zoom": {
      "ladder": {
        "version": "62318.50533004:68190.3921097:42:manual",
        "min": 62318.505330040774,
        "max": 68190.3921097018,
        "bucket": 139.80682808716733,
        "resolution": 0,
        "currentTop": 68.71202155458998
      },
      "profile": {
        "version": "62318.50533004:68190.3921097:42:manual",
        "min": 62318.505330040774,
        "max": 68190.3921097018,
        "bucket": null,
        "resolution": 129,
        "currentTop": 68.71202155458998
      },
      "heatmap": {
        "version": "62318.50533004:68190.3921097:42:manual",
        "min": 62318.505330040774,
        "max": 68190.3921097018,
        "bucket": null,
        "resolution": 486,
        "currentTop": 68.71202155458998
      },
      "heatmapVisualMode": "enhanced",
      "rows": 42,
      "profileRows": 129,
      "profileLabels": 129,
      "live": 5,
      "unavailable": 37,
      "bid": 496.728,
      "ask": 439.9609999999994
    },
    "macro": {
      "ladder": {
        "version": "50298.0688:78013.3312:42:explore",
        "min": 50298.068799999994,
        "max": 78013.3312,
        "bucket": 659.8872000000001,
        "resolution": 0,
        "currentTop": 50
      },
      "profile": {
        "version": "50298.0688:78013.3312:42:explore",
        "min": 50298.068799999994,
        "max": 78013.3312,
        "bucket": null,
        "resolution": 129,
        "currentTop": 50
      },
      "heatmap": {
        "version": "50298.0688:78013.3312:42:explore",
        "min": 50298.068799999994,
        "max": 78013.3312,
        "bucket": null,
        "resolution": 486,
        "currentTop": 50
      },
      "heatmapVisualMode": "enhanced",
      "rows": 42,
      "profileRows": 129,
      "profileLabels": 94,
      "live": 2,
      "unavailable": 40,
      "bid": 499.1929999999988,
      "ask": 459.24799999999874
    },
    "fit": {
      "ladder": {
        "version": "44960.22572516:129521.10956651:42:fit",
        "min": 44960.225725158336,
        "max": 129521.10956650831,
        "bucket": 2013.3543771749994,
        "resolution": 0,
        "currentTop": 77.29981830505047
      },
      "profile": {
        "version": "44960.22572516:129521.10956651:42:fit",
        "min": 44960.225725158336,
        "max": 129521.10956650831,
        "bucket": null,
        "resolution": 129,
        "currentTop": 77.29981830505047
      },
      "heatmap": {
        "version": "44960.22572516:129521.10956651:42:fit",
        "min": 44960.225725158336,
        "max": 129521.10956650831,
        "bucket": null,
        "resolution": 486,
        "currentTop": 77.29981830505047
      },
      "heatmapVisualMode": "enhanced",
      "rows": 42,
      "profileRows": 129,
      "profileLabels": 103,
      "live": 1,
      "unavailable": 41,
      "bid": 518.2359999999985,
      "ask": 461.1019999999987
    }
  },
  "presets": [
    "Scalper",
    "Institutional",
    "Macro"
  ],
  "popovers": [
    "Aggregated DOM Ladder panel settings",
    "Volume Profile panel settings",
    "Liquidity Heatmap panel settings",
    "Wall Detection panel settings",
    "Trade Tape panel settings",
    "DOM Metrics panel settings",
    "Heuristic CVD panel settings",
    "Depth Chart panel settings",
    "Liquidity Flow Delta panel settings",
    "Execution panel settings"
  ]
}
