{
  "capturedAt": "2026-07-16T16:26:13.826Z",
  "viewport": "1920x1080 + 1280x800",
  "panelCogs": 10,
  "cockpitContract": {
    "camera": [
      "Center",
      "Fit",
      "Follow",
      "Explore"
    ],
    "handles": 8,
    "orderType": true,
    "tif": true,
    "allocation": true
  },
  "sharedCamera": {
    "initial": {
      "ladder": {
        "version": "62203.6:66703.6:42:explore",
        "min": 62203.59999999999,
        "max": 66703.6,
        "bucket": 107.1428571428575,
        "resolution": 0,
        "currentTop": 50
      },
      "profile": {
        "version": "62203.6:66703.6:42:explore",
        "min": 62203.59999999999,
        "max": 66703.6,
        "bucket": null,
        "resolution": 129,
        "currentTop": 50
      },
      "heatmap": {
        "version": "62203.6:66703.6:42:explore",
        "min": 62203.59999999999,
        "max": 66703.6,
        "bucket": null,
        "resolution": 486,
        "currentTop": 50
      },
      "rows": 42,
      "profileRows": 129,
      "live": 3,
      "unavailable": 39,
      "bid": 1503.5555555555557,
      "ask": 1385.619047619048
    },
    "wide": {
      "ladder": {
        "version": "60997.7016:67961.4984:42:explore",
        "min": 60997.70159999999,
        "max": 67961.4984,
        "bucket": 165.8046857142858,
        "resolution": 0,
        "currentTop": 49.99999999999995
      },
      "profile": {
        "version": "60997.7016:67961.4984:42:explore",
        "min": 60997.70159999999,
        "max": 67961.4984,
        "bucket": null,
        "resolution": 129,
        "currentTop": 49.99999999999995
      },
      "heatmap": {
        "version": "60997.7016:67961.4984:42:explore",
        "min": 60997.70159999999,
        "max": 67961.4984,
        "bucket": null,
        "resolution": 486,
        "currentTop": 49.99999999999995
      },
      "rows": 42,
      "profileRows": 129,
      "live": 2,
      "unavailable": 40,
      "bid": 347.00399999999973,
      "ask": 449.06099999999816
    },
    "pan": {
      "ladder": {
        "version": "62046.80492293:69010.60172293:42:manual",
        "min": 62046.80492292839,
        "max": 69010.6017229284,
        "bucket": 165.80468571428597,
        "resolution": 0,
        "currentTop": 65.06510533059206
      },
      "profile": {
        "version": "62046.80492293:69010.60172293:42:manual",
        "min": 62046.80492292839,
        "max": 69010.6017229284,
        "bucket": null,
        "resolution": 129,
        "currentTop": 65.06510533059206
      },
      "heatmap": {
        "version": "62046.80492293:69010.60172293:42:manual",
        "min": 62046.80492292839,
        "max": 69010.6017229284,
        "bucket": null,
        "resolution": 486,
        "currentTop": 65.06510533059206
      },
      "rows": 42,
      "profileRows": 129,
      "live": 3,
      "unavailable": 39,
      "bid": 359.3219999999998,
      "ask": 399.5719999999999
    },
    "zoom": {
      "ladder": {
        "version": "62633.03234125:68534.55505312:42:manual",
        "min": 62633.03234125202,
        "max": 68534.55505311643,
        "bucket": 140.5124455205812,
        "resolution": 0,
        "currentTop": 68.71031852447777
      },
      "profile": {
        "version": "62633.03234125:68534.55505312:42:manual",
        "min": 62633.03234125202,
        "max": 68534.55505311643,
        "bucket": null,
        "resolution": 129,
        "currentTop": 68.71031852447777
      },
      "heatmap": {
        "version": "62633.03234125:68534.55505312:42:manual",
        "min": 62633.03234125202,
        "max": 68534.55505311643,
        "bucket": null,
        "resolution": 486,
        "currentTop": 68.71031852447777
      },
      "rows": 42,
      "profileRows": 129,
      "live": 3,
      "unavailable": 39,
      "bid": 392.82899999999995,
      "ask": 396.8139999999999
    },
    "macro": {
      "ladder": {
        "version": "50560.16:78419.84:42:explore",
        "min": 50560.16,
        "max": 78419.84,
        "bucket": 663.3257142857141,
        "resolution": 0,
        "currentTop": 50
      },
      "profile": {
        "version": "50560.16:78419.84:42:explore",
        "min": 50560.16,
        "max": 78419.84,
        "bucket": null,
        "resolution": 129,
        "currentTop": 50
      },
      "heatmap": {
        "version": "50560.16:78419.84:42:explore",
        "min": 50560.16,
        "max": 78419.84,
        "bucket": null,
        "resolution": 486,
        "currentTop": 50
      },
      "rows": 42,
      "profileRows": 129,
      "live": 2,
      "unavailable": 40,
      "bid": 360.9919999999995,
      "ask": 460.95799999999883
    },
    "fit": {
      "ladder": {
        "version": "45251.36090916:129497.41438251:42:fit",
        "min": 45251.36090915833,
        "max": 129497.41438250832,
        "bucket": 2005.8584160321425,
        "resolution": 0,
        "currentTop": 77.16375035071817
      },
      "profile": {
        "version": "45251.36090916:129497.41438251:42:fit",
        "min": 45251.36090915833,
        "max": 129497.41438250832,
        "bucket": null,
        "resolution": 129,
        "currentTop": 77.16375035071817
      },
      "heatmap": {
        "version": "45251.36090916:129497.41438251:42:fit",
        "min": 45251.36090915833,
        "max": 129497.41438250832,
        "bucket": null,
        "resolution": 486,
        "currentTop": 77.16375035071817
      },
      "rows": 42,
      "profileRows": 129,
      "live": 1,
      "unavailable": 41,
      "bid": 358.2369999999997,
      "ask": 427.9769999999991
    }
  },
  "presets": [
    "Scalper",
    "Institutional",
    "Macro"
  ],
  "popovers": [
    "Aggregated DOM Ladder panel settings",
    "Volume Profile panel settings",
    "Liquidity Heatmap panel settings",
    "Wall Detection panel settings",
    "Trade Tape panel settings",
    "DOM Metrics panel settings",
    "Heuristic CVD panel settings",
    "Depth Chart panel settings",
    "Liquidity Flow Delta panel settings",
    "Execution panel settings"
  ]
}
