{
  "capturedAt": "2026-07-16T15:02:26.790Z",
  "viewport": "1920x1080 + 1280x800",
  "panelCogs": 10,
  "cockpitContract": {
    "camera": [
      "Center",
      "Fit",
      "Follow",
      "Explore"
    ],
    "handles": 8,
    "orderType": true,
    "tif": true,
    "allocation": true
  },
  "sharedCamera": {
    "initial": {
      "ladder": {
        "version": "61750.25:66250.25:42:explore",
        "min": 61750.25,
        "max": 66250.25,
        "bucket": 107.14285714285714,
        "currentTop": 50
      },
      "profile": {
        "version": "61750.25:66250.25:42:explore",
        "min": 61750.25,
        "max": 66250.25,
        "bucket": 107.14285714285714,
        "currentTop": 50
      },
      "heatmap": {
        "version": "61750.25:66250.25:42:explore",
        "min": 61750.25,
        "max": 66250.25,
        "bucket": 107.14285714285714,
        "currentTop": 50
      },
      "rows": 42,
      "live": 0,
      "unavailable": 0,
      "bid": 1503.5555555555557,
      "ask": 1385.6190476190477
    },
    "wide": {
      "ladder": {
        "version": "60969.7:67930.3:42:explore",
        "min": 60969.7,
        "max": 67930.3,
        "bucket": 165.72857142857157,
        "currentTop": 50
      },
      "profile": {
        "version": "60969.7:67930.3:42:explore",
        "min": 60969.7,
        "max": 67930.3,
        "bucket": 165.72857142857157,
        "currentTop": 50
      },
      "heatmap": {
        "version": "60969.7:67930.3:42:explore",
        "min": 60969.7,
        "max": 67930.3,
        "bucket": 165.72857142857157,
        "currentTop": 50
      },
      "rows": 42,
      "live": 2,
      "unavailable": 40,
      "bid": 377.026999999999,
      "ask": 417.4629999999987
    },
    "pan": {
      "ladder": {
        "version": "62018.32172164:68978.92172164:42:manual",
        "min": 62018.32172164119,
        "max": 68978.92172164119,
        "bucket": 165.72857142857157,
        "currentTop": 65.06510533059203
      },
      "profile": {
        "version": "62018.32172164:68978.92172164:42:manual",
        "min": 62018.32172164119,
        "max": 68978.92172164119,
        "bucket": 165.72857142857157,
        "currentTop": 65.06510533059203
      },
      "heatmap": {
        "version": "62018.32172164:68978.92172164:42:manual",
        "min": 62018.32172164119,
        "max": 68978.92172164119,
        "bucket": 165.72857142857157,
        "currentTop": 65.06510533059203
      },
      "rows": 42,
      "live": 3,
      "unavailable": 39,
      "bid": 451.264999999998,
      "ask": 368.6020000000003
    },
    "zoom": {
      "ladder": {
        "version": "62604.28002645:68503.09358578:42:manual",
        "min": 62604.28002645323,
        "max": 68503.09358577526,
        "bucket": 140.4479418886199,
        "currentTop": 68.7103185244779
      },
      "profile": {
        "version": "62604.28002645:68503.09358578:42:manual",
        "min": 62604.28002645323,
        "max": 68503.09358577526,
        "bucket": 140.4479418886199,
        "currentTop": 68.7103185244779
      },
      "heatmap": {
        "version": "62604.28002645:68503.09358578:42:manual",
        "min": 62604.28002645323,
        "max": 68503.09358577526,
        "bucket": 140.4479418886199,
        "currentTop": 68.7103185244779
      },
      "rows": 42,
      "live": 4,
      "unavailable": 38,
      "bid": 423.0799999999999,
      "ask": 417.7889999999992
    },
    "macro": {
      "ladder": {
        "version": "50528.8:78371.2:42:explore",
        "min": 50528.8,
        "max": 78371.2,
        "bucket": 662.9142857142856,
        "currentTop": 50
      },
      "profile": {
        "version": "50528.8:78371.2:42:explore",
        "min": 50528.8,
        "max": 78371.2,
        "bucket": 662.9142857142856,
        "currentTop": 50
      },
      "heatmap": {
        "version": "50528.8:78371.2:42:explore",
        "min": 50528.8,
        "max": 78371.2,
        "bucket": 662.9142857142856,
        "currentTop": 50
      },
      "rows": 42,
      "live": 2,
      "unavailable": 40,
      "bid": 358.5789999999997,
      "ask": 466.78499999999804
    },
    "fit": {
      "ladder": {
        "version": "45216.52570916:129500.24958251:42:fit",
        "min": 45216.525709158326,
        "max": 129500.24958250832,
        "bucket": 2006.7553303178568,
        "currentTop": 77.18008482901978
      },
      "profile": {
        "version": "45216.52570916:129500.24958251:42:fit",
        "min": 45216.525709158326,
        "max": 129500.24958250832,
        "bucket": 2006.7553303178568,
        "currentTop": 77.18008482901978
      },
      "heatmap": {
        "version": "45216.52570916:129500.24958251:42:fit",
        "min": 45216.525709158326,
        "max": 129500.24958250832,
        "bucket": 2006.7553303178568,
        "currentTop": 77.18008482901978
      },
      "rows": 42,
      "live": 1,
      "unavailable": 41,
      "bid": 377.21699999999936,
      "ask": 481.26299999999793
    }
  },
  "presets": [
    "Scalper",
    "Institutional",
    "Macro"
  ],
  "popovers": [
    "Aggregated DOM Ladder panel settings",
    "Volume Profile panel settings",
    "Liquidity Heatmap panel settings",
    "Wall Detection panel settings",
    "Trade Tape panel settings",
    "DOM Metrics panel settings",
    "Heuristic CVD panel settings",
    "Depth Chart panel settings",
    "Liquidity Flow Delta panel settings",
    "Execution panel settings"
  ]
}
